Use danil
Go
INSERT INTO Client (Phone, FullName, [Address]) VALUES
('9657542310', N'Кондрашова Анна Глебовна', N'Россия, г. Ставрополь, Колхозный пер., д. 14 кв.89'),
('9657867897', N'Смирнов Кирилл Матвеевич', N'Россия, г. Салават, Луговая ул., д. 20 кв.184'),
('9657827232', N'Егорова Эмма Тимофеевна', N'Россия, г. Керчь, Первомайская ул., д. 2 кв.163'),
('9650431479', N'Медведева Кира Романовна', N'Россия, г. Златоуст, Заводская ул., д. 4 кв.137'),
('9639090322', N'Федосеев Андрей Дмитриевич', N'Россия, г. Новый Уренгой, Березовая ул., д. 4 кв.158'),
('9630336467', N'Беспалова Диана Кирилловна', N'Россия, г. Воронеж, Колхозный пер., д. 10 кв.68'),
('9638462552', N'Иванов Андрей Тимофеевич', N'Россия, г. Стерлитамак, Дзержинского ул., д. 3 кв.50'),
('9630186735', N'Матвеев Леон Матвеевич', N'Россия, г. Самара, 17 Сентября ул., д. 2 кв.194'),
('9085079030', N'Карасев Дмитрий Родионович', N'Россия, г. Сургут, Майская ул., д. 10 кв.85'),
('9080010741', N'Кузнецов Максим Кириллович', N'Россия, г. Красногорск, Светлая ул., д. 16 кв.161')

INSERT INTO Dish (ID, [Name], Price, [Count]) VALUES
(1, N'Сырная пицца', '250', '4'),
(2, N'Пирожки с картофелем', '50', '16'),
(3, N'Корн-дог', '70', '20'),
(4, N'Хот-дог', '110', '10'),
(5, N'Чебуреки', '85', '15'),
(6, N'Шаурма', '180', '3'),
(7, N'Чипсы из лаваша со сметаной', '140', '5'),
(8, N'Картофельное пюре с катлетой', '285', '15')

INSERT INTO Ingredient([Articule], [Name], Unit) VALUES
(1, N'Картошка', N'граммы'),
(2, N'Свекла', N'граммы'),
(3, N'Капуста', N'граммы'),
(4, N'Лук', N'граммы'),
(5, N'Укроп', N'граммы'),
(6, N'Морковь', N'граммы'),
(7, N'Макароны', N'граммы'),
(8, N'Вермишель', N'граммы'),
(9, N'Масло', N'граммы'),
(10, N'Говядина', N'граммы'),
(11, N'Свинина', N'граммы'),
(12, N'Свиной фарш', N'граммы'),
(13, N'Тесто', N'граммы'),
(14, N'Лаваш', N'шт.'),
(15, N'Cыр', N'граммы'),
(16, N'Сосиски', N'шт.'),
(17, N'Булочки', N'шт.')

INSERT INTO [Role] ([Role]) VALUES
(N'Шеф-повар'),
(N'Повар'),
(N'Администратор')

INSERT INTO Employee (Phone, [Role],[Password], [Name], Surname, Patronymic) VALUES
('9921161534', 1, 'qwerty123', N'Ефим', N'Миков', N'Антонович'),
('9295479015', 2, 'qwerty123', N'Алина', N'Котяш', N'Феоктистовна'),
('9114765774', 2, 'qwerty123', N'Сергей', N'Бархотов', N'Данилович'),
('9293088990', 2, 'qwerty123', N'Вячеслав', N'Глент', N'Емельянович'),
('9057383891', 2, 'qwerty123', N'Валентина', N'Заседателева', N'Ефимовна'),
('9932643576', 2, 'qwerty123', N'Людмила', N'Комягина', N'Степановна')

INSERT INTO [Order] (ID, Client, Employee, [Date], [Status]) VALUES
(1, '9657542310', '9921161534', '01.03.2022', N'В работе'),
(2, '9657867897', '9921161534', '01.03.2022', N'В работе'),
(3, '9657827232', '9114765774', '01.03.2022', N'В работе'),
(4, '9650431479', '9295479015', '01.03.2022', N'В работе'),
(5, '9638462552', '9057383891', '01.03.2022', N'В работе')

INSERT INTO DishCompound (Dish, Ingredient, Volume) VALUES
('1', '13', '200'),
('1', '15', '90'),
('4', '17', '1'),
('4', '16', '1'),
('8', '1', '150'),
('8', '9', '50'),
('8', '12', '120')

INSERT INTO OrderCompound ([Order], Dish, Price, [Count], [Status]) VALUES
('1', '1', '250', '1', N'В работе'),
('1', '4', '110', '3', N'В работе'),
('1', '8', '285', '2', N'В работе'),
('2', '4', '110', '1', N'В работе'),
('2', '8', '285', '1', N'В работе'),
('3', '1', '250', '2', N'В работе'),
('4', '1', '250', '1', N'В работе')
